{
    "HEADER": {
        "AppVersion": "FieldglassAPIApprovals/1.0",
        "OSUAStr": "FieldglassAPIApprovals/1.0",
        "NumRecs": 12,
        "Status": "ok",
        "Details": "all ok"
    },
    "PAYLOAD": 
        {
            "ModuleID": "70",
            "ModuleName": "Time Sheet",
            "ID": "z180720113655079179149a0",
            "Attributes": {
                "ref": "BPTS01160050",
                "uom": "GBP",
                "name": "User, Test",
                "startDate": "2018-05-06",
                "amount": "1,185.57",
                "others": {
                    "[GROUP_ID]label.details": "Details",
                    "Main Document ID": "BPJP00040242",
                    "Site": "UK-London-Canary Wharf",
                    "Time Sheet Start Date": "2018-05-06",
                    "Time Sheet End Date": "2018-05-12",
                    "Quantity: ST": "27.0",
                    "Per day: Quantity: ST": "Monday: 5.0\r\nTuesday: 6.0\r\nWednesday: 7.0\r\nThursday: 8.0\r\nFriday: 1.0\r\n",
                    "Per day: Quantity: OT": "Monday: 8.0\r\nTuesday: 5.0\r\nWednesday: 7.0\r\n",
                    "Per day: Quantity: DT": "-\r\n",
                    "Per day: Quantity: Other Rates": "-\r\n",
                    "Time Sheet Total Quantity": "27.00",
                    "Buyer": "BP International Limited",
                    "Supplier": "Harvey Nash (UK)",
                    "Cost Object List": "AGILE OPERATIONS SUP",
                    "Worker ID": "BPWK00029955",
                    "Worker Name": "User, Test",
                    "Time Sheet Billable Days": "5",
                    "Time Sheet Billable Hours": "27.00",
                    "Logged User Name": "Mark Wright",
                    "[GROUP_ID]label.accounting": "Accounting",
                    "Time Sheet Amount": "1,185.57 GBP",
                    "Cost Allocation": "AGILE OPERATIONS SUP (0946;3300005641;CC) - Flex  1,185.57 GBP",
                    "Remaining Spend": "200133.00",
                    "[GROUP_ID]label.postingInformation": "Posting Information",
                    "Work Order Owner or Work Order Revision Owner": "Mark Wright",
                    "sourceLink": "https://xuat.fgvms.com/time_sheet_detail.do?id\u003dz180720113655079179149a0\u0026buyerCode\u003dBP"
                },
                "refVersion": 0,
                "refNameKey": "label.timeSheetID",
                "refName": "Time Sheet ID",
                "iconType": "worker",
                "validObject": true,
                "sourceLink": "https://xuat.fgvms.com/time_sheet_detail.do?id\u003dz180720113655079179149a0\u0026buyerCode\u003dBP"
            },
            "Status": "ok",
            "Details": "all ok",
            "ActivityID": "1040"
        }
}