{"templateName":"User defined template","CardClass":"HtmlTemplate","CustomType":"SAP_CARD_TYPE_AUTOMATIC_INSTANCE","UrlMatch":null,"QueryURL":"/approvals/module_40","GroupName":null,"AppLaunchUrl":" ","QueryReturnsEntityCollection":true,"QueryType":"upToDate","ActionConfiguration":{"Category":"5C3AE155-DC4E-4CCC-AB6A-EF5E394B597B","BehaviorAfterAction":"DELETE","XCSRFTokenUrl":"/module_40","Actions":[{"ActionName":"Approve","ActionUrl":"/module_40_approve?modID=${ID1}&comments=${comments}","HttpMethod":"POST","EnabledForDeviceNotification":false,"ActionBody":"","ActionParameters":[{"name":"comments","type":"Edm.String","maxLength":255,"defaultValue":"","enabledForDeviceNotification":false,"isKey":false,"nullable":true,"label":[{"language":"EN","text":"Comments"}]}],"ActionHeaders":[],"Labels":[{"language":"EN","text":"Approve"}]}]},"CustomRequestProperties":{"RequestHttpMethod":"GET","RequestBody":"","RequestHeaders":[]},"Parameters":null,"ResourceIdentifiers":[],"DescriptionEnglish":"Fieldglass Job Postings","NotificationMessages":{"Messages":[]},"NotificationRules":[],"APNSEnabled":true,"RefreshType":"upToDate","CollectionType":"useCollection","QueryConfiguration":{"CacheQueryResult":true,"QueryEntityKeyPaths":["$.PAYLOAD.ID"],"QueryURLCollectionRoot":"$.PAYLOAD"},"Connection":"Fieldglass_playground","AutoSubscribe":false,"HiddenSubscription":false,"useHtmlAsMapping":true}