{
  "HEADER": {
    "AppVersion": "FieldglassAPIServer/1.0",
    "OSUAStr": "FieldglassAPIServer/1.0",
    "NumRecs": 1,
    "Status": "ok",
    "Details": "all ok"
  },
  "PAYLOAD": 
    {
      "ModuleID": "40",
      "ModuleName": "Job Posting",
      "ID": "z16042611572049751234567",
      "Attributes": {
        "ref": "ABCDJP00000001",
        "uom": "USD",
        "name": "API  developer",
        "startDate": "05/01/2016",
        "amount": "100,000.00",
        "refVersion": 0,
        "iconType": "procurement",
        "validObject": false,
        "createDate": "04/01/2016",
        "creatorName": "User ABCD",
        "uniqueName": "user_abcd@test.com",
        "emailId": "user_abcd@test.com",
        "status": "Pending Approval"
      },
      "Status": "ok",
      "Details": "all ok"
    }
  
}