{"templateName":"User defined template","CardClass":"HtmlTemplate","CustomType":"SAP_CARD_TYPE_AUTOMATIC_INSTANCE","UrlMatch":null,"QueryURL":"/v1/api.json?rss_url=https%3A%2F%2Fnews.sap.com%2Ffeed&api_key=","GroupName":"PeoplePortal","AppLaunchUrl":null,"QueryReturnsEntityCollection":true,"QueryType":"upToDate","ActionConfiguration":{"Category":"73F4E2A4-53B6-4B00-AB4E-7ADCB4BE6057","BehaviorAfterAction":"DELETE","XCSRFTokenUrl":"","Actions":[]},"CustomRequestProperties":{"RequestHttpMethod":"GET","RequestBody":"","RequestHeaders":[]},"Parameters":{"Parameters":[{"Name":"Title","Propagate":false,"Value":"$.items.title"},{"Name":"TodayExtensionBody","Propagate":false,"Value":"$.items.description"},{"Name":"TodayExtensionTitle","Propagate":false,"Value":"$.items.title"}]},"NotificationMessages":{"Messages":[{"language":"EN","text":"SAP News Feed - ${Title}","notificationType":"NEW"}]},"NotificationRules":[],"APNSEnabled":true,"RefreshType":"upToDate","CollectionType":"useCollection","QueryConfiguration":{"CacheQueryResult":false,"QueryEntityKeyPaths":["$.items.guid"],"QueryURLCollectionRoot":"$.items"},"Connection":"RSStoJSON","AutoSubscribe":false,"HiddenSubscription":false,"useHtmlAsMapping":true}