{
    "status": "ok",
    "feed": {
        "url": "https://news.sap.com/feed",
        "title": "SAP News Center",
        "link": "https://news.sap.com/",
        "author": "",
        "description": "The Best Run SAP",
        "image": ""
    },
    "items": 
        {
            "title": "The Compensation Disconnect: Do I Believe You?",
            "pubDate": "2018-07-24 14:15:17",
            "link": "https://news.sap.com/2018/07/compensation-disconnect-do-i-believe-you/",
            "guid": "https://news.sap.com/?p=146194",
            "author": "SAP Guest",
            "thumbnail": "https://news.sap.com/wp-content/blogs.dir/1/files/SAP-SFSF_Compensation-Infographic-230x300.jpg",
            "description": "My colleagues and I recently completed a research survey with our customers on the topic of compensation. This article shares a few insights from the...",
            "content": "\n<p class=\"lead\">My colleagues and I recently completed a research survey with our customers on the topic of. ",
            "enclosure": {},
            "categories": [
                "Cloud",
                "Human Resources",
                "Solutions",
                "Technology",
                "SAP SuccessFactors"
            ]
        }
}